<?xml version="1.0" encoding="UTF-8"?><artifacts>
    <artifact name="backend" groupId="com.example.api" version="1.0.0" type="synapse/api" serverRole="EnterpriseServiceBus">
        <file>src/main/synapse-config/api/backend.xml</file>
    </artifact>
    <artifact name="backend_swagger" groupId="com.example.metadata" version="1.0.0" type="synapse/metadata" serverRole="EnterpriseServiceBus">
        <file>src/main/resources/metadata/backend_swagger.yaml</file>
    </artifact>
    <artifact name="backend_metadata" groupId="com.example.metadata" version="1.0.0" type="synapse/metadata" serverRole="EnterpriseServiceBus">
        <file>src/main/resources/metadata/backend_metadata.yaml</file>
    </artifact>
    <artifact name="payment" groupId="com.example.api" version="1.0.0" type="synapse/api" serverRole="EnterpriseServiceBus">
        <file>src/main/synapse-config/api/payment.xml</file>
    </artifact>
    <artifact name="payment_swagger" groupId="com.example.metadata" version="1.0.0" type="synapse/metadata" serverRole="EnterpriseServiceBus">
        <file>src/main/resources/metadata/payment_swagger.yaml</file>
    </artifact>
    <artifact name="payment_metadata" groupId="com.example.metadata" version="1.0.0" type="synapse/metadata" serverRole="EnterpriseServiceBus">
        <file>src/main/resources/metadata/payment_metadata.yaml</file>
    </artifact>
    <artifact name="sms" groupId="com.example.api" version="1.0.0" type="synapse/api" serverRole="EnterpriseServiceBus">
        <file>src/main/synapse-config/api/sms.xml</file>
    </artifact>
    <artifact name="sms_swagger" groupId="com.example.metadata" version="1.0.0" type="synapse/metadata" serverRole="EnterpriseServiceBus">
        <file>src/main/resources/metadata/sms_swagger.yaml</file>
    </artifact>
    <artifact name="sms_metadata" groupId="com.example.metadata" version="1.0.0" type="synapse/metadata" serverRole="EnterpriseServiceBus">
        <file>src/main/resources/metadata/sms_metadata.yaml</file>
    </artifact>
    <artifact name="notification" groupId="com.example.endpoint" version="1.0.0" type="synapse/endpoint" serverRole="EnterpriseServiceBus">
        <file>src/main/synapse-config/endpoints/notification.xml</file>
    </artifact>
    <artifact name="pay" groupId="com.example.endpoint" version="1.0.0" type="synapse/endpoint" serverRole="EnterpriseServiceBus">
        <file>src/main/synapse-config/endpoints/pay.xml</file>
    </artifact>
    <artifact name="mwstore" groupId="com.example.endpoint" version="1.0.0" type="synapse/endpoint" serverRole="EnterpriseServiceBus">
        <file>src/main/synapse-config/endpoints/mwstore.xml</file>
    </artifact>
    <artifact name="Authentication" groupId="com.example.api" version="1.0.0" type="synapse/api" serverRole="EnterpriseServiceBus">
        <file>src/main/synapse-config/api/Authentication.xml</file>
    </artifact>
    <artifact name="Authentication_swagger" groupId="com.example.metadata" version="1.0.0" type="synapse/metadata" serverRole="EnterpriseServiceBus">
        <file>src/main/resources/metadata/Authentication_swagger.yaml</file>
    </artifact>
    <artifact name="Authentication_metadata" groupId="com.example.metadata" version="1.0.0" type="synapse/metadata" serverRole="EnterpriseServiceBus">
        <file>src/main/resources/metadata/Authentication_metadata.yaml</file>
    </artifact>
    <artifact name="auth" groupId="com.example.endpoint" version="1.0.0" type="synapse/endpoint" serverRole="EnterpriseServiceBus">
        <file>src/main/synapse-config/endpoints/auth.xml</file>
    </artifact>
</artifacts>
